,transcriptomic,proteomic,genomic,rna_prot_corr,score
MUC16,13.564353703703707,0.4759574074074074,0.043010752688172046,0.6635029540689917,0.98757212605415
COL6A3,12.327081481481487,0.19575740740740744,0.030107526881720432,0.34339622641509426,0.9507323568575232
FN1,14.17515555555555,0.40883703703703705,0.010752688172043012,0.714351057747284,0.9134487350199734
MACF1,11.893775925925924,0.1254,0.030107526881720432,0.4275586049170954,0.9041278295605859
COL3A1,14.058714814814818,0.25934629629629624,0.010752688172043012,0.4577472841623784,0.9041278295605859
CHD4,12.674331481481476,0.10660555555555556,0.015053763440860216,0.08846960167714885,0.8892587660896581
MXRA5,11.57859444444445,0.30582592592592595,0.012903225806451613,0.6131884886601867,0.8877052818464269
KDM5C,11.52043518518519,0.14862187500000001,0.017204301075268817,,0.8841544607190412
TP53,11.022753703703701,0.1507,0.8279569892473119,,0.875277407900577
PRKDC,12.18901111111111,0.09915185185185184,0.015053763440860216,0.29503135189943547,0.8666222814025742
COL1A2,14.83656851851852,0.3890907407407408,0.008602150537634409,0.2972746331236897,0.8584110075454949
NOTCH2,12.648312962962965,0.11622884615384617,0.010752688172043012,,0.8473146915224146
MYH9,14.284620370370375,0.08749074074074076,0.010752688172043012,0.6608347627215551,0.8286728806036396
BPTF,10.74249259259259,0.16517777777777778,0.012903225806451613,0.23743091290261098,0.8144695960940967
AHNAK,13.883453703703704,0.04756111111111111,0.02795698924731183,0.5663807890222984,0.812694185530404
WDR6,11.62476111111111,0.11596296296296295,0.010752688172043012,,0.8122503328894808
CCDC6,12.361509259259257,0.13707407407407407,0.008602150537634409,0.7238040785210595,0.7998224589436307
COL5A1,11.810214814814815,0.18995925925925922,0.008602150537634409,0.4938916313386287,0.7993786063027075
THBS2,10.086946296296297,0.58725,0.012903225806451613,0.5638758124868669,0.7900577008433199
MYLK,10.668820370370371,0.11068333333333334,0.012903225806451613,0.7297503335239183,0.77762982689747
ADNP,11.612168518518523,0.0877462962962963,0.010752688172043012,0.6226415094339621,0.7771859742565468
PHF8,10.664562962962965,0.17047749999999998,0.010752688172043012,,0.7762982689747004
CHD8,11.018416666666667,0.08776470588235294,0.012903225806451613,,0.775410563692854
CDH6,10.681405555555555,0.16602407407407405,0.010752688172043012,0.8803125595578425,0.7754105636928539
LAMA3,9.617692592592594,0.24034444444444444,0.023655913978494623,0.704288164665523,0.7718597425654682
KDM2A,12.284777777777778,0.06759423076923078,0.010752688172043012,,0.7709720372836217
SYNE2,10.720387037037039,0.0714462962962963,0.030107526881720432,0.6337716790546978,0.7705281846426986
CNOT1,12.102199999999996,0.07000370370370369,0.010752688172043012,0.2678482942633886,0.766977363515313
SNRNP200,12.74943518518519,0.06244444444444444,0.010752688172043012,0.34671901510042186,0.7656458055925432
PPL,11.133953703703707,0.18398888888888895,0.008602150537634409,0.7281494187154564,0.7656458055925432
SORL1,12.028518518518517,0.055957407407407414,0.012903225806451613,0.7573470554602629,0.7625388371060807
VCAN,10.368114814814815,0.21942592592592594,0.010752688172043012,0.6738707833047455,0.7620949844651574
IGSF9,10.785574074074075,0.11569545454545455,0.010752688172043012,,0.7603195739014648
RNF213,12.24441666666667,0.03732592592592592,0.025806451612903226,0.7410329712216503,0.7594318686196182
VPS13B,9.588131481481481,0.191048,0.01935483870967742,,0.758988015978695
L1CAM,9.58739074074074,0.17284500000000003,0.017204301075268817,,0.7470039946737683
VWF,10.640703703703707,0.08618148148148148,0.012903225806451613,0.49403468648751664,0.7456724367509986
AHNAK2,10.405416666666666,0.1433235294117647,0.010752688172043012,,0.7438970261873057
SETD2,10.590492592592593,0.07431515151515151,0.015053763440860216,,0.7414558366622281
LAMC1,12.752640740740738,0.03445555555555556,0.015053763440860216,0.26822946445587953,0.7405681313803816
KRAS,10.250887037037035,0.16038979591836733,0.010752688172043012,,0.7403462050599201
MGA,10.013733333333333,0.10798437500000001,0.015053763440860216,,0.7396804260985352
RB1,9.936707407407406,0.09153404255319152,0.03225806451612903,,0.7372392365734576
WNK1,12.5403,0.05159629629629631,0.010752688172043012,0.519496855345912,0.7367953839325343
PI4KB,11.218427777777778,0.0725,0.010752688172043012,,0.734132268086995
SMC1A,11.315422222222221,0.05679074074074073,0.012903225806451613,0.335620354488279,0.7332445628051487
POGZ,11.250833333333334,0.10531296296296297,0.008602150537634409,0.4845054316752429,0.7296937416777629
SP100,10.646531481481482,0.06390185185185186,0.017204301075268817,0.6427672955974842,0.7292498890368397
LRP1,12.443914814814818,0.027796296296296312,0.025806451612903226,0.6533381616997834,0.7279183311140701
HSPG2,13.055833333333332,0.03411296296296295,0.012903225806451613,0.42717743472460445,0.7261429205503772
LARP1,12.607451851851856,0.06873888888888888,0.008602150537634409,0.4852677720602248,0.7256990679094542
ABCA1,10.013272222222223,0.11243076923076924,0.012903225806451613,,0.7252552152685308
NF1,10.111964814814817,0.0730653846153846,0.05161290322580645,,0.7248113626276076
ARID2,9.876129629629629,0.129688,0.012903225806451613,,0.7230359520639147
COL5A2,10.575168518518517,0.18532962962962962,0.008602150537634409,0.4501238803125595,0.7203728362183754
MYO5C,9.535492592592592,0.17638823529411768,0.012903225806451613,,0.7190412782956058
PTGS1,12.475681481481486,0.3040092592592593,0.0064516129032258064,0.782351820087669,0.7185974256546827
SAMD9L,9.402379629629626,0.13029999999999997,0.01935483870967742,0.623785020011435,0.7185974256546825
DIDO1,11.05911851851852,0.10634259259259259,0.008602150537634409,0.27745378311416047,0.7163781624500665
TARDBP,11.434192592592591,0.08652962962962964,0.008602150537634409,0.13977510958643033,0.7137150466045272
SRCAP,12.321675925925923,0.04491724137931034,0.010752688172043012,,0.7119396360408343
UBR4,11.826125925925929,0.03995555555555556,0.012903225806451613,0.5844482561463693,0.711051930758988
CAD,11.344522222222222,0.04586481481481481,0.012903225806451613,0.7254812273680197,0.7052818464269862
C11orf30,9.385374074074074,0.17638148148148147,0.012903225806451613,,0.7052818464269862
BRD2,12.46279814814815,0.04122307692307693,0.010752688172043012,,0.7039502885042166
HUWE1,12.93207407407408,0.01941111111111111,0.023655913978494623,0.5225462168858395,0.7035064358632934
IPO9,11.498074074074076,0.05311111111111111,0.010752688172043012,0.7504859919954259,0.7017310252996005
SRRM2,13.829040740740739,0.02149074074074074,0.015053763440860216,0.22607634988573022,0.7010652463382157
CREBBP,11.694955555555559,0.02934594594594594,0.023655913978494623,,0.700843320017754
MTOR,10.803681481481476,0.045953703703703705,0.01935483870967742,0.35868798725758244,0.6999556147359076
TAPBP,12.908742592592596,0.14866481481481483,0.0064516129032258064,0.6387268915570801,0.6981802041722148
ATP2B4,13.05152222222222,0.05397592592592594,0.008602150537634409,0.6678482942633884,0.6977363515312915
USP34,11.144203703703706,0.0383648148148148,0.015053763440860216,0.3385999352613289,0.6952951620062139
HTATSF1,10.228294444444442,0.09881481481481484,0.010752688172043012,0.28530588907947396,0.6950732356857523
NIPBL,10.51201851851852,0.05110925925925926,0.021505376344086023,0.37053554412044976,0.6939636040834443
CD163,9.503459259259259,0.1045888888888889,0.015053763440860216,0.6748618258052219,0.693519751442521
DLG5,10.94052962962963,0.09277307692307693,0.008602150537634409,,0.6924101198402131
BCR,10.799614814814811,0.09987419354838709,0.008602150537634409,,0.6901908566355969
COL11A1,7.788303703703703,0.4203074074074074,0.021505376344086023,0.5872689155708023,0.6895250776742121
EFEMP1,8.687977777777778,0.22519444444444445,0.015053763440860216,0.5450352582428053,0.689081225033289
THBS1,11.50272037037037,0.44515555555555547,0.0064516129032258064,0.4792452830188679,0.6870838881491345
MTA2,11.126942592592595,0.07977592592592592,0.008602150537634409,0.3007051648561082,0.686196182867288
DTX3L,11.613001851851848,0.06707222222222221,0.008602150537634409,0.812083095101963,0.6853084775854416
SON,12.082975925925929,0.038133333333333325,0.010752688172043012,0.26891557080236317,0.6830892143808256
EIF3E,12.677890740740743,0.0504425925925926,0.008602150537634409,0.18292357537640555,0.6817576564580559
THOC2,10.067711111111109,0.09817777777777775,0.010752688172043012,0.2855400332142986,0.6813138038171327
ZNF638,10.267561111111116,0.06633518518518519,0.012903225806451613,0.42504288164665516,0.6804260985352862
COL14A1,8.5583,0.4260111111111112,0.012903225806451613,0.5017343243758338,0.6782068353306702
ITGA3,12.263720370370372,0.1307685185185185,0.0064516129032258064,0.6590051457975985,0.677762982689747
DYNC1H1,12.326496296296297,0.013099999999999999,0.025806451612903226,0.4140651801029159,0.6764314247669774
APEX1,12.555672222222226,0.11589999999999998,0.0064516129032258064,0.71211572560533,0.6733244562805148
FBLN5,9.805048148148147,0.3734462962962962,0.008602150537634409,0.4110920526014865,0.6724367509986684
CIZ1,11.471575925925924,0.23735,0.0064516129032258064,,0.6719928983577451
SUPT6H,11.00065185185185,0.05330925925925926,0.010752688172043012,0.37045931008195154,0.6715490457168221
FCGBP,9.681042592592592,0.07005,0.023655913978494623,,0.6715490457168221
PLXNA2,9.955322222222222,0.20245652173913045,0.008602150537634409,,0.6715490457168221
FLNB,12.248581481481484,0.03294074074074074,0.010752688172043012,0.7688349312418106,0.6711051930758988
FBLN1,11.416864814814813,0.23860370370370368,0.0064516129032258064,0.5105012388031255,0.6702174877940523
PCDH1,11.143574074074074,0.04729199999999999,0.010752688172043012,,0.6679982245894363
KIF1B,11.09311296296296,0.07103793103448275,0.008602150537634409,,0.6675543719485131
HEATR1,10.406029629629629,0.057468518518518516,0.012903225806451613,0.35627977892128826,0.6666666666666666
NF2,9.958298148148149,0.18134545454545456,0.008602150537634409,,0.6662228140257433
CEP250,9.8531537037037,0.10307142857142855,0.010752688172043012,,0.665335108743897
ADAM15,11.481961111111112,0.1803,0.0064516129032258064,,0.6626719928983578
LAMB2,12.198570370370364,0.031359259259259246,0.010752688172043012,0.17526873522909203,0.6622281402574345
USP7,10.734759259259256,0.03578518518518519,0.017204301075268817,0.49030856324062516,0.6604527296937417
ANKRD17,11.314692592592596,0.032683333333333335,0.012903225806451613,0.3514008004574042,0.6600088770528184
LAMA2,6.788348148148146,0.19652564102564102,0.025806451612903226,,0.6586773191300488
SPTB,6.786044444444444,0.19104259259259257,0.02795698924731183,0.1983228511530398,0.6586773191300488
POLR2B,10.980170370370372,0.07138888888888889,0.008602150537634409,0.05744344280522601,0.6582334664891256
STAU1,11.990753703703707,0.049279629629629625,0.008602150537634409,0.5004097658573371,0.6577896138482023
VCL,12.399820370370369,0.018092592592592598,0.012903225806451613,0.6526014865637506,0.6560142032845095
SPEN,11.587335185185184,0.02258235294117647,0.015053763440860216,,0.6553484243231247
COL12A1,11.059540740740742,0.3036074074074073,0.0064516129032258064,0.5810939584524489,0.6546826453617399
CCAR1,9.95787037037037,0.06780555555555555,0.012903225806451613,0.32570992948351435,0.6542387927208166
SETD1A,10.602288888888886,0.03936896551724137,0.015053763440860216,,0.654016866400355
NUP210,11.224183333333329,0.03168518518518518,0.012903225806451613,0.6073947017343243,0.6537949400798934
GTF3C1,10.773385185185187,0.07741481481481483,0.008602150537634409,0.38174194777968357,0.6533510874389702
TRIP12,11.02152037037037,0.06726851851851852,0.008602150537634409,0.6259958071278826,0.6524633821571237
FBN3,7.876424074074071,0.30381951219512204,0.012903225806451613,,0.6524633821571237
OAS3,11.786014814814814,0.11817962962962962,0.0064516129032258064,0.7867883894775515,0.648912561029738
ANKHD1,11.160290740740741,0.059210638297872355,0.008602150537634409,,0.6480248557478916
MAP4,12.59342222222222,0.023759259259259258,0.010752688172043012,0.7638415065520399,0.6462494451841987
INSR,10.253712962962966,0.06570000000000001,0.010752688172043012,,0.6458055925432755
NDRG1,12.957312962962966,0.08652222222222224,0.0064516129032258064,0.7645130550790927,0.6453617399023525
MKI67,11.406322222222222,0.05364999999999999,0.008602150537634409,0.6785972936916331,0.6453617399023523
MYO18A,9.888698148148148,0.0844962962962963,0.010752688172043012,0.5084429197636744,0.6449178872614292
PSME4,10.363068518518523,0.09268085106382977,0.008602150537634409,,0.644474034620506
TNC,9.450262962962963,0.352712962962963,0.008602150537634409,0.5297884505431674,0.6435863293386594
ELN,9.005396296296297,0.161816,0.010752688172043012,,0.6426986240568131
GNPAT,10.237540740740743,0.052724074074074076,0.012903225806451613,0.25222031637125975,0.6426986240568131
COL16A1,8.641227777777775,0.13897777777777776,0.012903225806451613,,0.6426986240568131
PLEC,13.978222222222225,0.07928703703703704,0.0064516129032258064,0.5249094720792834,0.6413670661340435
GPNMB,11.495594444444444,0.1283851851851852,0.0064516129032258064,0.7022298456260719,0.6409232134931203
USP9X,11.792101851851852,0.046094444444444445,0.008602150537634409,0.6089309879319744,0.6395916555703506
PKP4,11.283185185185182,0.03491111111111113,0.010752688172043012,0.4527244659573121,0.638260097647581
CCDC80,9.787946296296298,0.14503023255813954,0.008602150537634409,,0.638260097647581
TNS3,12.230209259259258,0.0385962962962963,0.008602150537634409,0.7689492844789809,0.6378162450066578
PTPRF,13.846724074074077,0.01635555555555556,0.010752688172043012,0.4675814751286449,0.6373723923657346
MEST,11.624731481481483,0.11209629629629632,0.0064516129032258064,0.7099294835143891,0.6360408344429649
SPTA1,0.5085555555555555,0.1978407407407408,0.021505376344086023,0.03630564827522419,0.6344873501997337
LAMB1,10.116946296296295,0.04445185185185184,0.017204301075268817,0.49370104261001146,0.6333777185974256
RIF1,9.16721111111111,0.0757962962962963,0.017204301075268817,0.3755669906613302,0.6329338659565025
XIAP,10.034116666666664,0.10504893617021277,0.008602150537634409,,0.6329338659565024
HDAC6,10.413088888888888,0.08151296296296297,0.008602150537634409,0.49316739416988326,0.6316023080337327
PLSCR1,11.16947962962963,0.131288,0.0064516129032258064,,0.6311584553928096
PODN,8.006548148148148,0.15404102564102565,0.012903225806451613,,0.6307146027518864
NACA,13.178244444444443,0.07625370370370371,0.0064516129032258064,0.2506194015627978,0.6293830448291168
KDM3B,11.158614814814818,0.051620370370370365,0.008602150537634409,0.4495902420430722,0.6289391921881935
DST,9.40326111111111,0.05769811320754718,0.034408602150537634,,0.6284953395472703
ZMIZ1,12.228622222222223,0.08558157894736841,0.0064516129032258064,,0.6284953395472702
PARP4,11.03612222222222,0.05681296296296297,0.008602150537634409,0.4319039451114922,0.628051486906347
LRIG1,11.949266666666666,0.08997435897435897,0.0064516129032258064,,0.6276076342654239
WDFY3,9.700888888888892,0.08277727272727273,0.010752688172043012,,0.6276076342654238
CELSR2,12.185238888888888,0.011962500000000001,0.012903225806451613,,0.6271637816245006
DSP,13.026955555555556,0.0734351851851852,0.0064516129032258064,0.462016390318277,0.6249445184198846
DCTN1,11.856677777777778,0.008890740740740744,0.015053763440860216,0.178273299028016,0.6247225920994229
TRIO,10.74207037037037,0.033195918367346915,0.012903225806451613,,0.6245006657789614
HKDC1,7.650762962962964,0.16051111111111105,0.012903225806451613,0.7345530779493042,0.6245006657789614
USP24,10.394975925925927,0.05345185185185186,0.010752688172043012,0.46194896042238487,0.6240568131380382
TEP1,8.661540740740739,0.08455116279069767,0.01935483870967742,,0.6227252552152684
SOS1,10.74516851851852,0.06311935483870967,0.008602150537634409,,0.6218375499334221
ZFYVE26,9.711855555555553,0.05504,0.015053763440860216,,0.6211717709720372
MVP,11.250774074074075,0.1143296296296296,0.0064516129032258064,0.8476081570421191,0.6205059920106525
LPHN2,10.309540740740738,0.07956190476190475,0.008602150537634409,,0.6205059920106524
MYH11,7.421851851851852,0.503562962962963,0.010752688172043012,0.7393558223746902,0.6169551708832668
CFH,9.665518518518516,0.12489814814814813,0.008602150537634409,0.3825042881646655,0.6169551708832667
APOB,1.6353555555555555,0.13023703703703704,0.02795698924731183,0.08600466435435468,0.6165113182423435
ECE1,11.398049999999998,0.10375961538461537,0.0064516129032258064,,0.6160674656014203
LPA,1.8143574074074076,0.17906923076923073,0.015053763440860216,,0.6154016866400355
TACC2,9.169625925925926,0.10315238095238097,0.010752688172043012,,0.6151797603195739
ADAR,13.459277777777778,0.06712222222222222,0.0064516129032258064,0.48557270821421755,0.6147359076786506
KIAA1217,11.891540740740743,0.03586111111111111,0.008602150537634409,0.6586239756051075,0.6138482023968042
DOCK2,7.783488888888889,0.09394259259259259,0.01935483870967742,0.7028397179340574,0.6120727918331114
BBX,10.572655555555556,0.25433125,0.0064516129032258064,,0.6120727918331114
TTC21B,8.306625925925928,0.16981935483870972,0.010752688172043012,,0.6111850865512649
DNAH2,6.255429629629629,0.11751071428571427,0.01935483870967742,,0.6111850865512649
DNAH1,7.608164814814817,0.2660037037037037,0.010752688172043012,,0.6111850865512649
COL6A6,3.8158907407407394,0.1592871794871795,0.015053763440860216,,0.6109631602308033
UBR5,11.028320370370368,0.019035185185185186,0.015053763440860216,0.17232704402515722,0.6109631602308033
CDK13,10.201120370370372,0.08069761904761903,0.008602150537634409,,0.6107412339103417
AHCTF1,9.859911111111114,0.04745740740740742,0.015053763440860216,0.21472135396813297,0.6100754549489569
TRRAP,11.104470370370368,0.031085185185185188,0.010752688172043012,0.22619070312290057,0.6098535286284953
CYFIP1,11.343738888888888,0.017322222222222215,0.012903225806451613,0.5209453020773775,0.609409675987572
DDX54,10.809231481481483,0.14320377358490566,0.0064516129032258064,,0.6067465601420329
LRBA,10.227953703703703,0.041255555555555545,0.012903225806451613,0.6406327425195348,0.6063027075011096
ANK3,9.272603703703705,0.06315000000000001,0.015053763440860216,0.40323994663617296,0.606080781180648
PACS1,12.10293333333333,0.031905555555555555,0.008602150537634409,0.39622641509433953,0.6054150022192633
CUL9,9.657529629629629,0.05830000000000002,0.012903225806451613,,0.6045272969374167
RB1CC1,10.193494444444442,0.03271590909090909,0.01935483870967742,,0.6027518863737239
PTPN13,7.8508203703703705,0.17817857142857146,0.010752688172043012,,0.6027518863737238
FAM120C,8.746931481481479,0.08625714285714287,0.012903225806451613,,0.6018641810918774
PPM1F,8.675835185185186,0.1194148148148148,0.010752688172043012,0.14030874785591765,0.6014203284509543
SCAMP3,11.143051851851851,0.04402407407407406,0.008602150537634409,0.523156089193825,0.6014203284509543
ATP9A,11.26081851851852,0.025363461538461533,0.010752688172043012,,0.6005326231691077
CEP290,7.320588888888891,0.22592592592592592,0.010752688172043012,,0.6000887705281847
EPHX1,12.187675925925921,0.030083333333333337,0.008602150537634409,0.7987421383647798,0.5996449178872614
DLGAP4,11.706979629629629,0.08010370370370372,0.0064516129032258064,0.5597484276729559,0.5978695073235686
NUP160,10.130329629629626,0.051300000000000005,0.010752688172043012,0.20587002096436055,0.5960940967598757
MATR3,12.409407407407407,0.06496481481481482,0.0064516129032258064,0.42008766914427287,0.5956502441189525
GOLGB1,11.111672222222218,0.00456851851851852,0.023655913978494623,0.21440823327615777,0.5938748335552595
ERBB2,12.19636851851852,0.011005769230769232,0.010752688172043012,,0.5920994229915668
EWSR1,11.614438888888897,0.07865370370370371,0.0064516129032258064,0.29789018282869356,0.5912117177097204
CDK12,10.06676851851852,0.027618918918918912,0.03225806451612903,,0.588548601864181
SAP130,9.999374074074073,0.07659038461538462,0.008602150537634409,,0.5881047492232578
SYNE1,8.33384074074074,0.06545185185185186,0.03225806451612903,0.3528492471888698,0.5876608965823347
HEATR5B,9.223603703703704,0.12918260869565215,0.008602150537634409,,0.5867731913004881
ZNF462,8.883983333333335,0.07255652173913044,0.012903225806451613,,0.5863293386595649
STAG1,9.640281481481479,0.09366296296296296,0.008602150537634409,0.38936535162950253,0.5863293386595649
TTN,6.437044444444444,0.08299714285714284,0.1870967741935484,,0.5854416333777186
ITGA2B,4.962164814814815,0.1089421052631579,0.015053763440860216,,0.5852197070572569
DHX9,12.101399999999996,0.06499629629629629,0.0064516129032258064,0.41845661255193833,0.584110075454949
MECOM,11.22146851851852,0.08455200000000002,0.0064516129032258064,,0.584110075454949
PIK3CB,9.705907407407407,0.06112173913043478,0.010752688172043012,,0.5841100754549489
FBN2,6.862738888888889,0.09616296296296295,0.015053763440860216,0.6696016771488469,0.5830004438526408
TSC2,11.4705037037037,0.07848695652173913,0.0064516129032258064,,0.5827785175321792
CNTN1,5.984740740740741,0.12024545454545452,0.012903225806451613,,0.5814469596094096
CUX1,10.960735185185186,0.026435294117647057,0.010752688172043012,,0.5805592543275633
BIRC6,10.65186296296296,0.01769444444444445,0.015053763440860216,0.4127692014484467,0.5803373280071016
GSN,13.054851851851852,0.05364074074074074,0.0064516129032258064,0.3273870783304745,0.58011540168664
NAV1,9.646194444444445,0.08848333333333333,0.008602150537634409,,0.5796715490457167
KIF21A,8.62753148148148,0.07842499999999998,0.012903225806451613,,0.5787838437638704
RBBP6,10.28906111111111,0.059859259259259244,0.008602150537634409,0.21905850962454734,0.5787838437638704
MME,6.5869629629629625,0.17387391304347827,0.010752688172043012,,0.5770084332001775
DOPEY1,8.527831481481483,0.10119615384615385,0.010752688172043012,,0.5765645805592543
COL5A3,7.597303703703704,0.07278787878787879,0.021505376344086023,,0.5754549489569463
DNM2,11.982833333333335,0.02498518518518519,0.008602150537634409,0.7119115685153419,0.5743453173546382
SMARCA4,12.050874074074077,0.06222777777777777,0.0064516129032258064,0.27813988946064416,0.5734576120727918
MDN1,9.452855555555553,0.037205555555555554,0.025806451612903226,0.5350485991995425,0.5712383488681758
POLD2,11.329842592592591,0.07423148148148148,0.0064516129032258064,0.4904516866781017,0.5707944962272525
ITPR2,9.537746296296294,0.04132037037037037,0.015053763440860216,0.6955974842767295,0.570572569906791
SETDB1,10.589212962962963,0.11405744680851063,0.0064516129032258064,,0.5703506435863293
CELSR1,11.52575,0.06905666666666668,0.0064516129032258064,,0.5699067909454061
LAMA1,7.022394444444444,0.07613720930232559,0.023655913978494623,,0.5699067909454061
COL4A1,12.189998148148147,0.003146296296296292,0.010752688172043012,0.1607394701734324,0.5690190856635596
PTEN,10.69419074074074,0.02810833333333333,0.010752688172043012,,0.5685752330226365
SIPA1L1,10.834009259259258,0.01495294117647058,0.012903225806451613,,0.5685752330226365
ARHGEF1,10.440953703703705,0.03336296296296296,0.010752688172043012,0.6380407852105965,0.5685752330226364
SPTAN1,12.797203703703703,0.015168518518518515,0.008602150537634409,0.13958718483924198,0.5681313803817132
SRRM1,11.053424074074075,0.08285925925925924,0.0064516129032258064,0.1977129788450543,0.5672436750998668
ADAMTSL1,5.9087407407407415,0.15980624999999998,0.010752688172043012,,0.5672436750998668
TNIK,7.202837037037036,0.13072,0.010752688172043012,,0.5667998224589437
TNXB,7.475253703703703,0.6049925925925925,0.008602150537634409,0.5881837240327805,0.5663559698180204
CDH2,9.71776111111111,0.0783648148148148,0.008602150537634409,0.761006289308176,0.5663559698180204
TARBP1,9.38044074074074,0.09340645161290322,0.008602150537634409,,0.5659121171770971
HMCN1,8.117998148148148,0.058795555555555545,0.04946236559139785,,0.5641367066134043
TRA2B,11.74811481481482,0.0627037037037037,0.0064516129032258064,0.4788641128263769,0.5632490013315579
EIF2B5,9.91199814814815,0.03125185185185185,0.015053763440860216,0.45850962454736033,0.5630270750110963
TRIOBP,10.522342592592597,0.013166037735849052,0.017204301075268817,,0.5628051486906347
ANK2,7.29045,0.07139574468085104,0.01935483870967742,,0.5623612960497115
MIA3,10.544911111111114,0.02054259259259259,0.012903225806451613,0.486229964448217,0.5614735907678651
HSPA5,13.62272222222222,0.045970370370370384,0.0064516129032258064,0.7088622069754144,0.5605858854860186
TOP2A,11.003775925925924,0.0006555555555555491,0.017204301075268817,0.7309700781398895,0.5605858854860186
PADI2,8.166099999999998,0.18843800000000002,0.008602150537634409,,0.559254327563249
CUL7,11.056105555555552,0.07763137254901961,0.0064516129032258064,,0.5574789169995561
RTN4,11.692044444444445,0.06104444444444446,0.0064516129032258064,0.5820850009529254,0.5557035064358633
MUC5B,7.403398148148148,0.34766896551724136,0.008602150537634409,,0.55525965379494
LPCAT1,10.627498148148147,0.09555925925925927,0.0064516129032258064,0.7779069547239896,0.5548158011540169
FARSA,10.81444814814815,0.03593333333333334,0.008602150537634409,0.17476653325709926,0.5548158011540167
ITPR3,11.558662962962964,0.007677777777777772,0.010752688172043012,0.5660758528683056,0.5543719485130936
CDC42BPA,10.787231481481482,0.08560681818181819,0.0064516129032258064,,0.5539280958721704
ARMCX2,10.418246296296298,0.11187755102040817,0.0064516129032258064,,0.5534842432312472
EIF4G2,14.101346296296297,0.042309259259259276,0.0064516129032258064,0.6425889574057732,0.5534842432312472
KDM5A,10.509707407407408,0.10435925925925928,0.0064516129032258064,,0.5534842432312472
NCF2,7.483874074074073,0.08064680851063828,0.012903225806451613,,0.5530403905903241
KRT6A,6.674385185185184,0.7826018518518522,0.008602150537634409,0.7611587573851724,0.5525965379494007
GIGYF2,10.572783333333335,0.026914814814814808,0.010752688172043012,0.28256684904787016,0.5512649800266312
PSMC3,10.871944444444447,0.03376111111111111,0.008602150537634409,0.34728416237850196,0.5512649800266312
OVGP1,6.354809259259258,1.1838137931034483,0.008602150537634409,,0.5508211273857079
ANKS1A,10.494801851851852,0.04415918367346939,0.008602150537634409,,0.5494895694629383
EPS8,8.983253703703703,0.10312195121951222,0.008602150537634409,,0.5490457168220151
GOLGA3,10.580188888888886,0.04022407407407407,0.008602150537634409,0.412921669525443,0.5477141588992454
SMG1,10.811016666666667,0.03379607843137255,0.008602150537634409,,0.5472703062583222
DLG3,9.899587037037039,0.1876121951219512,0.0064516129032258064,,0.5463826009764757
EMILIN1,9.897218518518516,0.1831925925925926,0.0064516129032258064,0.4793687702179975,0.5437194851309365
JUP,13.844618518518521,0.004370370370370373,0.008602150537634409,0.2983419096626644,0.5432756324900132
TOPBP1,10.227833333333331,0.11776206896551722,0.0064516129032258064,,0.54283177984909
CYP7B1,4.412881481481484,0.08877916666666667,0.012903225806451613,,0.5423879272081669
DSN1,8.90322777777778,0.10077073170731707,0.008602150537634409,,0.5419440745672437
VPS52,10.773948148148145,0.018166666666666668,0.010752688172043012,0.06887745378311415,0.5415002219263205
STAT6,11.905562962962964,0.014807407407407405,0.008602150537634409,0.6516866781017724,0.5401686640035508
FBN1,9.640937037037036,0.3354370370370369,0.0064516129032258064,0.3347055460263007,0.5397248113626275
COL2A1,4.818807407407407,0.43705510204081627,0.008602150537634409,,0.5392809587217045
UBE4A,10.575103703703705,0.0879351851851852,0.0064516129032258064,0.6092243186582808,0.5392809587217043
EIF3L,12.541511111111113,0.042877777777777785,0.0064516129032258064,0.2501619973318086,0.5388371060807812
GAB2,11.53993148148148,0.0016173076923076924,0.010752688172043012,,0.5388371060807812
ASCC3,9.489372222222224,0.049501851851851845,0.010752688172043012,0.35445016199733176,0.5388371060807811
PDS5B,9.18700185185185,0.08458333333333333,0.008602150537634409,0.6337716790546978,0.5388371060807811
OGDH,11.440548148148148,0.058327777777777784,0.0064516129032258064,0.7221269296740994,0.538393253439858
IRF2,9.797472222222224,0.1872772727272727,0.0064516129032258064,,0.5370616955170883
GANAB,13.59678148148148,0.03767222222222223,0.0064516129032258064,0.4774156660949113,0.5366178428761651
TKTL1,3.403818518518518,0.4601738095238095,0.008602150537634409,,0.5361739902352418
XRCC1,9.95897407407408,0.1437019230769231,0.0064516129032258064,,0.5357301375943186
PCNT,9.67334259259259,0.06465185185185186,0.008602150537634409,0.40392605298265666,0.5357301375943186
RBM12,10.89477222222222,0.0711648148148148,0.0064516129032258064,0.5200304936153991,0.5352862849533955
ATM,9.462822222222226,0.03122777777777778,0.017204301075268817,0.5534972365161044,0.5348424323124723
PRKCB,6.746483333333334,0.10181666666666665,0.010752688172043012,,0.5348424323124723
TNS1,12.246355555555553,0.04424259259259259,0.0064516129032258064,0.555403087478559,0.534398579671549
SPTBN4,5.554162962962961,0.2878379310344828,0.008602150537634409,,0.5335108743897026
SPTBN2,11.069468518518518,0.00880555555555555,0.010752688172043012,0.5300933866971601,0.5330670217487794
PXDN,11.613761111111112,0.052174074074074074,0.0064516129032258064,0.3327234610253477,0.5330670217487794
ARHGEF11,10.828040740740743,0.07131176470588235,0.0064516129032258064,,0.5330670217487794
XRCC6,12.265920370370374,0.0428537037037037,0.0064516129032258064,0.45119115685153416,0.5326231691078561
FLNC,8.214227777777777,0.12224444444444443,0.008602150537634409,0.5836859157613873,0.532179316466933
HIST1H1C,9.703770370370373,0.1907037037037037,0.0064516129032258064,-0.08465789975223935,0.5317354638260098
ODF2,9.97527037037037,0.13704285714285713,0.0064516129032258064,,0.5317354638260098
TAF1,9.557014814814815,0.034265217391304344,0.012903225806451613,,0.5317354638260097
ANK1,4.610746296296297,0.08212857142857144,0.012903225806451613,,0.5308477585441633
GNAS,15.034685185185186,0.03367777777777777,0.0064516129032258064,0.4660567943586811,0.5286284953395473
PDE4DIP,10.707246296296296,0.00566346153846154,0.012903225806451613,,0.5286284953395473
PNN,10.816283333333331,0.06906111111111111,0.0064516129032258064,0.1701162569087097,0.5277407900577008
IARS2,11.02844814814815,0.06402037037037037,0.0064516129032258064,0.7165618448637315,0.5272969374167776
CCDC88A,8.738381481481484,0.09364146341463414,0.008602150537634409,,0.5259653794940079
EXOC4,10.688961111111112,0.015196296296296298,0.010752688172043012,0.34057556699066127,0.5255215268530848
BRD8,10.357166666666664,0.08955277777777777,0.0064516129032258064,,0.5241899689303151
TUBB3,9.474731481481482,0.25732777777777777,0.0064516129032258064,0.6598437202210786,0.521970705725699
UTRN,10.45415740740741,0.020129629629629647,0.010752688172043012,0.18932723461025347,0.5215268530847759
MCM3AP,10.39790925925926,0.036063461538461544,0.008602150537634409,,0.5184198845983132
CTR9,9.722288888888889,0.05571176470588235,0.008602150537634409,,0.5175321793164669
AP1M2,11.096688888888885,0.05738888888888888,0.0064516129032258064,0.15814751286449397,0.5175321793164669
THBS3,9.995464814814818,0.11078846153846156,0.0064516129032258064,,0.5170883266755437
ASPH,11.04277592592593,0.05893333333333334,0.0064516129032258064,0.5761387459500666,0.5170883266755437
RNF20,9.774875925925924,0.0353,0.010752688172043012,,0.5166444740346205
XPO6,11.145818518518515,0.05329000000000001,0.0064516129032258064,,0.5157567687527741
THRAP3,11.756890740740737,0.009187037037037039,0.008602150537634409,0.5152277491900132,0.515756768752774
PLG,0.18719259259259258,0.2339166666666667,0.008602150537634409,0.3024284182299837,0.515756768752774
NUP205,10.839381481481482,0.025062962962962967,0.008602150537634409,0.19740804269106155,0.5144252108300045
ASAP1,10.516055555555555,0.0773096153846154,0.0064516129032258064,,0.5144252108300044
BCL9L,12.221581481481481,0.002366666666666662,0.008602150537634409,,0.5135375055481579
SF3B4,11.74325185185185,0.04419444444444444,0.0064516129032258064,0.4314928815893553,0.5130936529072347
IRF6,9.373314814814815,0.06444782608695651,0.008602150537634409,,0.5122059476253884
RPTOR,10.089507407407408,0.09824423076923076,0.0064516129032258064,,0.511318242343542
GLG1,11.713931481481485,0.00861296296296296,0.008602150537634409,0.561349342481418,0.5108743897026187
LZTS2,11.088033333333335,0.055033333333333344,0.0064516129032258064,,0.5108743897026187
SAMD9,9.589024074074075,0.037005555555555555,0.010752688172043012,0.7725938631599008,0.5104305370616955
LRCH1,8.51905925925926,0.08942916666666667,0.008602150537634409,,0.5099866844207723
HCFC1,12.088864814814812,0.03770740740740742,0.0064516129032258064,0.24025157232704397,0.5099866844207722
LTBP1,10.015112962962965,0.09947407407407408,0.0064516129032258064,0.4836668572517629,0.5079893475366178
OPTN,11.093622222222221,0.052498148148148134,0.0064516129032258064,0.7240327806365541,0.507323568575233
MLLT4,11.259007407407408,0.048640740740740734,0.0064516129032258064,0.6425385934819895,0.5068797159343098
PTPRG,9.498222222222223,0.058557446808510626,0.008602150537634409,,0.5068797159343097
SPG11,10.078038888888889,0.025396153846153843,0.010752688172043012,,0.5064358632933865
CPVL,9.474135185185187,0.17185,0.0064516129032258064,0.7124452067848294,0.5059920106524634
KIAA1462,9.306720370370371,0.06353478260869568,0.008602150537634409,,0.5051043053706169
SPTBN1,11.899364814814817,0.0035092592592592614,0.008602150537634409,0.5613219235233964,0.5051043053706169
PMPCB,10.71220185185185,0.008155555555555553,0.010752688172043012,0.02268005870544756,0.5033288948069241
CENPF,10.405953703703704,0.005689999999999992,0.012903225806451613,,0.5028850421660009
PRKRIR,10.588396296296295,0.0671046511627907,0.0064516129032258064,,0.5024411895250777
CIT,9.021361111111114,0.04819999999999999,0.010752688172043012,,0.5024411895250777
CGNL1,7.982055555555558,0.09688076923076924,0.008602150537634409,,0.5024411895250777
GRHL2,9.948531481481481,0.10312162162162163,0.0064516129032258064,,0.5019973368841544
MCM2,11.374546296296298,0.04549629629629631,0.0064516129032258064,0.6499332952163139,0.5015534842432312
RBM6,9.894442592592592,0.10465,0.0064516129032258064,,0.501109631602308
SDC1,10.425518518518517,0.03084186046511626,0.008602150537634409,,0.501109631602308
SMC4,11.356150000000001,0.04532222222222223,0.0064516129032258064,0.68741542637654,0.5006657789613848
PDGFRB,10.228664814814815,0.08208139534883721,0.0064516129032258064,,0.4997780736795384
DAG1,12.970509259259261,0.029433333333333332,0.0064516129032258064,0.5861254049933294,0.49933422103861513
DDB1,12.782653703703707,0.03035185185185185,0.0064516129032258064,0.25931502415657104,0.49933422103861513
ITIH5,8.853268518518517,0.04989354838709679,0.010752688172043012,,0.4975588104749223
PTPN18,10.705681481481484,0.022848,0.008602150537634409,,0.4962272525521526
AKAP13,10.781657407407405,0.020448076923076923,0.008602150537634409,,0.49489569462938304
LLGL2,10.782011111111105,0.020319230769230777,0.008602150537634409,,0.494895694629383
SF3A1,11.668575925925925,0.0380037037037037,0.0064516129032258064,0.19741180510170242,0.4944518419884598
KNTC1,9.008107407407406,0.06634814814814813,0.008602150537634409,,0.4940079893475366
MKL2,9.880496296296299,0.043883783783783784,0.008602150537634409,,0.4940079893475366
SVIL,10.456790740740745,0.011375925925925923,0.010752688172043012,0.5508290451686677,0.49356413670661337
IRAK1,11.710290740740735,0.037059999999999996,0.0064516129032258064,,0.4931202840656902
AKAP9,9.786442592592593,0.019712962962962963,0.012903225806451613,-0.11263579188107488,0.49223257878384374
NNT,10.233335185185185,0.07772777777777777,0.0064516129032258064,0.7346293119878025,0.49223257878384374
CIC,11.936772222222228,0.033737500000000004,0.0064516129032258064,,0.4913448735019973
BZW2,10.693785185185186,0.05893518518518518,0.0064516129032258064,0.8415856680007623,0.4909010208610741
AP1G2,10.367887037037042,0.01369411764705883,0.010752688172043012,,0.4909010208610741
PRPF6,11.604537037037037,0.0032499999999999977,0.008602150537634409,0.29780827139317706,0.49001331557922767
MGEA5,10.934503703703705,0.051442592592592595,0.0064516129032258064,0.6651038688774537,0.49001331557922767
PIGO,10.173705555555555,0.07950754716981132,0.0064516129032258064,,0.4891256102973812
MAP2,7.442905555555556,0.03920188679245285,0.023655913978494623,,0.48823790501553477
TMPO,11.08145925925926,0.04703888888888889,0.0064516129032258064,0.7512483323804079,0.48823790501553477
NCKAP1,12.10100185185185,0.03252037037037036,0.0064516129032258064,0.09975223937488088,0.48823790501553477
CKAP5,11.382705555555557,0.03997037037037037,0.0064516129032258064,0.5493805984372021,0.48690634709276515
USP4,10.614109259259262,0.059283673469387746,0.0064516129032258064,,0.48690634709276515
VARS2,9.216407407407406,0.1716103448275862,0.0064516129032258064,,0.48690634709276515
NUMA1,13.184575925925925,0.025133333333333327,0.0064516129032258064,0.4725366876310272,0.486462494451842
ANO6,10.420477777777778,0.06623076923076922,0.0064516129032258064,,0.486462494451842
MYH8,0.1185,0.05745999999999998,0.015053763440860216,,0.4862405681313804
MPDZ,8.40263148148148,0.05302857142857142,0.010752688172043012,,0.4855747891699955
TCF20,10.253579629629629,0.07088148148148149,0.0064516129032258064,,0.48379937860630273
DOCK11,7.339464814814814,0.06415263157894738,0.010752688172043012,,0.4837993786063027
MYO5B,10.421561111111112,0.026072093023255815,0.008602150537634409,,0.4837993786063027
HECTD1,10.928524074074073,0.01372407407407407,0.008602150537634409,0.3168667810177244,0.48335552596537945
BMS1,9.948829629629634,0.08757962962962963,0.0064516129032258064,0.31579950447874977,0.48335552596537945
PLXNB2,13.289361111111115,0.023412962962962962,0.0064516129032258064,0.5544120449780826,0.482467820683533
SMARCB1,10.821742592592594,0.05104444444444442,0.0064516129032258064,0.01688583952734896,0.482467820683533
IL16,7.942137037037038,0.08439583333333332,0.008602150537634409,,0.482467820683533
MCAM,10.39696851851852,0.06597037037037037,0.0064516129032258064,0.5812464265294455,0.482467820683533
EFTUD2,10.994181481481482,0.047762962962962965,0.0064516129032258064,0.2529826567562416,0.48202396804260983
HEXA,10.907883333333334,0.048787037037037045,0.0064516129032258064,0.398818372403278,0.4811362627607634
CHD2,10.567051851851852,0.059566666666666664,0.0064516129032258064,,0.4811362627607634
AHCYL1,12.002212962962963,0.031155555555555554,0.0064516129032258064,0.7167905469792262,0.4806924101198402
ATAD2,10.320855555555557,0.011040909090909094,0.010752688172043012,,0.4802485574789169
DNAJA3,10.373820370370371,0.06554807692307693,0.0064516129032258064,,0.4793608521970706
SEC23IP,9.83027777777778,0.014051851851851862,0.012903225806451613,0.562645321135887,0.47936085219707053
ITPKB,10.248166666666666,0.029251724137931024,0.008602150537634409,,0.47936085219707053
NUP62,11.256962962962964,0.038599999999999995,0.0064516129032258064,0.2529826567562416,0.4789169995561473
INADL,10.248255555555556,0.06858157894736844,0.0064516129032258064,,0.47802929427430085
TRPM4,9.338650000000003,0.12579565217391303,0.0064516129032258064,,0.4771415889924545
NUP98,11.125842592592594,0.041351851851851855,0.0064516129032258064,0.38921288355250616,0.47669773635153123
ZNF518A,8.698029629629628,0.3128448275862069,0.0064516129032258064,,0.47625388371060806
HERC1,9.509311111111113,0.10928620689655172,0.0064516129032258064,,0.47625388371060806
ZKSCAN1,9.836416666666667,0.08821666666666667,0.0064516129032258064,,0.4758100310696849
OGT,11.696787037037039,0.03288703703703705,0.0064516129032258064,0.11362900000157845,0.474034620505992
C6,2.782642592592593,0.10725925925925926,0.008602150537634409,0.27792604393620457,0.47359076786506876
PPP2R1A,12.688501851851848,0.022885185185185182,0.0064516129032258064,0.13680198208500094,0.4735907678650687
ZC3H14,10.424644444444446,0.06078148148148149,0.0064516129032258064,0.28728797408042683,0.47314691522414554
G6PD,10.453785185185188,0.021657407407407406,0.008602150537634409,0.6217004327493272,0.47270306258322237
LRRC41,11.576453703703704,0.0333939393939394,0.0064516129032258064,,0.4722592099422991
MYH15,1.9656796296296308,0.0700814814814815,0.010752688172043012,,0.4718153573013759
AKR1B1,10.425824074074074,0.059107407407407414,0.0064516129032258064,0.6191347436630456,0.47137150466045274
DDX58,9.950466666666669,0.07983703703703703,0.0064516129032258064,0.8796264532113587,0.47137150466045274
SKIV2L,10.203644444444441,0.011866666666666671,0.010752688172043012,0.05599390127692014,0.47092765201952946
DNMT3A,9.89079074074074,0.034651219512195124,0.008602150537634409,,0.47048379937860624
RREB1,10.553074074074075,0.0012702127659574472,0.010752688172043012,,0.46915224145583667
EPDR1,8.311649999999998,0.516436,0.0064516129032258064,,0.46915224145583667
EPB41L3,7.745694444444442,0.03612745098039217,0.015053763440860216,,0.468930315135375
CBWD1,8.926268518518519,0.16742499999999996,0.0064516129032258064,,0.4682645361739902
POLR1A,9.998568518518518,0.07485961538461539,0.0064516129032258064,,0.4682645361739902
RAPH1,8.663955555555555,0.2510153846153846,0.0064516129032258064,,0.46782068353306694
NCKAP1L,8.364894444444447,0.047746000000000004,0.010752688172043012,,0.46737683089214377
PFDN5,11.80302222222222,0.02961296296296295,0.0064516129032258064,0.14694110920526013,0.46737683089214377
MYCBP2,9.861201851851852,0.00951666666666667,0.012903225806451613,0.4934248141795311,0.4669329782512206
PTK2B,8.992818518518519,0.1499692307692308,0.0064516129032258064,,0.46604527296937415
ZFYVE1,9.02703888888889,0.14281052631578944,0.0064516129032258064,,0.4647137150466045
UBAP2,10.429966666666665,0.02004772727272727,0.008602150537634409,,0.46471371504660447
DOCK7,9.403333333333332,0.04501296296296296,0.008602150537634409,0.2934629311987802,0.4642698624056813
CASK,9.73182222222222,0.036114814814814815,0.008602150537634409,0.4497893995366071,0.4638260097647581
SMARCA1,9.342187037037036,0.04641400000000002,0.008602150537634409,,0.46338215712383485
CILP,8.159962962962963,0.537,0.0064516129032258064,0.4256527539546407,0.4633821571238348
TFRC,11.740051851851854,0.029288888888888896,0.0064516129032258064,0.802020202020202,0.4629383044829116
DDX60L,8.406207407407404,0.28500000000000003,0.0064516129032258064,,0.46249445184198845
PARP1,12.04181481481481,0.025487037037037037,0.0064516129032258064,0.7696969696969695,0.46249445184198845
SLC12A2,9.051588888888887,0.13150204081632652,0.0064516129032258064,,0.46249445184198845
PLEKHA5,9.154781481481477,0.12250384615384613,0.0064516129032258064,,0.4611628939192187
KANK1,9.621335185185185,0.08846451612903226,0.0064516129032258064,,0.46071904127829555
GLDC,8.208257407407405,0.4054962962962963,0.0064516129032258064,0.8737564322469983,0.4602751886373724
ABCF1,10.971840740740747,0.04077407407407408,0.0064516129032258064,0.6877453783114159,0.4602751886373724
IGF2R,10.924542592592593,0.041455555555555565,0.0064516129032258064,0.6196683819325327,0.4602751886373724
STK10,9.131174074074071,0.0498962962962963,0.008602150537634409,0.5300933866971601,0.4593874833555259
EPS15L1,10.007001851851854,0.012279629629629618,0.010752688172043012,0.41856298837430905,0.4584997780736795
NRAS,11.128937037037034,0.00019200000000001106,0.008602150537634409,,0.4584997780736795
ACADM,10.015112962962965,0.06816666666666667,0.0064516129032258064,0.6008385744234799,0.4582778517532179
ERCC5,9.24362962962963,0.04727857142857142,0.008602150537634409,,0.4580559254327563
SORBS2,8.159835185185186,0.06865925925925925,0.008602150537634409,0.45622260339241466,0.45805592543275625
ABCC1,10.458775925925929,0.05236538461538462,0.0064516129032258064,,0.45761207279183314
FTSJ3,9.844746296296297,0.07822222222222222,0.0064516129032258064,0.3273108442919763,0.45716822015090985
CTNNBL1,9.49760925925926,0.091237037037037,0.0064516129032258064,0.42496664760815694,0.45583666222814023
ANKRD12,9.050794444444442,0.12150526315789474,0.0064516129032258064,,0.4549489569462938
SRGAP2,10.300868518518518,0.02014814814814815,0.008602150537634409,0.339660758528683,0.45450510430537056
CDH11,9.776322222222223,0.007825531914893616,0.012903225806451613,,0.453173546382601
UBE2O,10.060898148148148,0.0646673076923077,0.0064516129032258064,,0.45228584110075454
RHOA,13.665946296296298,0.01329074074074074,0.0064516129032258064,-0.04669334858014103,0.45184198845983137
USP28,10.13969259259259,0.0620525,0.0064516129032258064,,0.4509542831779849
SUPT5H,11.920757407407406,0.022907407407407404,0.0064516129032258064,0.711162781962244,0.4509542831779849
CCT5,12.374924074074078,0.017740740740740744,0.0064516129032258064,0.13703068420049552,0.45051043053706175
KIFC1,9.577070370370373,0.0831725,0.0064516129032258064,,0.44829116733244556
USO1,10.619505555555557,0.04460925925925925,0.0064516129032258064,0.7227124589164466,0.44695960940967594
PLXDC2,9.534768518518517,0.08424444444444444,0.0064516129032258064,0.6550409757956926,0.44651575676875277
RANBP2,10.536098148148149,0.04747222222222222,0.0064516129032258064,0.17202210787116445,0.44651575676875277
WDR13,10.722014814814816,0.0062057692307692265,0.008602150537634409,,0.4456280514869063
ESF1,8.68682777777778,0.14526363636363637,0.0064516129032258064,,0.44518419884598315
HNRNPA3,11.840524074074073,0.02213888888888889,0.0064516129032258064,0.5698113207547169,0.44474034620505987
MRVI1,7.8048481481481495,0.2682772727272727,0.0064516129032258064,,0.44474034620505987
RUFY1,9.818631481481482,0.030166666666666675,0.008602150537634409,0.7128263769773203,0.4442964935641367
COL15A1,8.915033333333335,0.023282978723404246,0.012903225806451613,,0.4442964935641367
OLFML1,7.594987037037036,0.35408148148148144,0.0064516129032258064,0.26647608157042113,0.4438526409232135
SCAI,8.38131111111111,0.05903584905660378,0.008602150537634409,,0.44340878828229024
ESYT1,11.832985185185182,0.021849999999999998,0.0064516129032258064,0.7000190585096244,0.44340878828229024
XPNPEP1,10.220990740740742,0.01997222222222222,0.008602150537634409,0.6497932113475035,0.442964935641367
NBAS,9.905459259259258,0.010415384615384616,0.010752688172043012,,0.4416333777185974
PTPRC,8.693962962962964,0.1330666666666667,0.0064516129032258064,0.8541805639165957,0.440745672436751
PUM1,11.728568518518516,0.022768518518518518,0.0064516129032258064,0.32814941871545644,0.440745672436751
SIGLEC1,9.297996296296294,0.0891586956521739,0.0064516129032258064,,0.4394141145139814
GMPR2,10.035346296296293,0.05971296296296297,0.0064516129032258064,0.6429197636744804,0.4394141145139814
ZWILCH,8.736775925925926,0.12794516129032263,0.0064516129032258064,,0.4389702618730581
PREX1,9.802064814814813,0.0012136363636363662,0.012903225806451613,,0.4380825565912117
RINT1,8.834572222222222,0.04898723404255318,0.008602150537634409,,0.43808255659121165
C7,8.391166666666667,0.15367222222222218,0.0064516129032258064,0.7005526967791118,0.4371948513093653
GOLGA4,10.133833333333333,0.0015326923076923113,0.010752688172043012,,0.43719485130936525
OS9,12.221787037037037,0.014996296296296306,0.0064516129032258064,0.4149878976911052,0.43630714602751886
DYSF,8.277162962962962,0.024248,0.015053763440860216,,0.435641367066134
WDR33,10.210533333333338,0.052757407407407406,0.0064516129032258064,0.5905469792262245,0.43453173546382595
SSRP1,11.842748148148148,0.019505555555555557,0.0064516129032258064,0.31214027063083666,0.43453173546382595
SH3PXD2B,10.394575925925926,0.012049999999999995,0.008602150537634409,0.6018296169239564,0.43320017754105633
TBC1D8B,6.784903703703702,0.07048666666666667,0.008602150537634409,,0.43320017754105633
BCAS3,9.100131481481482,0.09645172413793104,0.0064516129032258064,,0.43275632490013316
NES,9.047116666666668,0.016616666666666672,0.012903225806451613,0.5761387459500666,0.43231247225920993
PDP1,9.423420370370367,0.08147407407407409,0.0064516129032258064,0.31321351660951696,0.4323124722592099
CHD1,8.767385185185184,0.11411379310344827,0.0064516129032258064,,0.4323124722592099
PLEKHA6,9.218087037037035,0.0890227272727273,0.0064516129032258064,,0.4318686196182867
OSBPL1A,9.5106962962963,0.03230188679245283,0.008602150537634409,,0.42964935641367064
ZC3H7A,9.312607407407409,0.0832019230769231,0.0064516129032258064,,0.42964935641367064
AOX1,6.061024074074074,0.04849999999999999,0.010752688172043012,,0.4287616511318242
SCIN,6.458994444444446,0.0689061224489796,0.008602150537634409,,0.428317798490901
VAV2,9.756448148148149,0.027005555555555557,0.008602150537634409,0.6925481227368019,0.4278739458499778
XRN1,9.545905555555557,0.03078076923076923,0.008602150537634409,,0.42743009320905456
YBX1,13.688444444444448,0.005124074074074073,0.0064516129032258064,0.1854392986468458,0.42743009320905456
LRRC15,6.447429629629631,0.3938142857142857,0.0064516129032258064,,0.4269862405681314
NOP2,10.226672222222223,0.04945555555555555,0.0064516129032258064,0.697427101200686,0.4269862405681314
DMD,7.478190740740742,0.027225,0.015053763440860216,,0.42676431424766975
DOCK10,7.462477777777777,0.03267380952380953,0.012903225806451613,,0.4265423879272081
KIF13B,8.998403703703703,0.09609074074074074,0.0064516129032258064,0.42473794549266247,0.42565468264536177
SLC4A7,8.918257407407408,0.10052142857142858,0.0064516129032258064,,0.42565468264536166
TFDP1,11.01034814814815,0.030652173913043496,0.0064516129032258064,,0.42565468264536166
GLT8D2,7.307320370370371,0.20540769230769232,0.0064516129032258064,,0.42565468264536166
IQGAP2,7.927087037037035,0.02006296296296295,0.01935483870967742,0.7679435868115112,0.4252108300044385
PIK3CA,8.850137037037037,0.10269487179487179,0.0064516129032258064,,0.4229915667998224
PRC1,10.05601851851852,0.016192307692307697,0.008602150537634409,,0.4216600088770528
SRP68,10.694072222222223,0.03392777777777777,0.0064516129032258064,0.2982656756241661,0.4203284509542832
FAP,6.726079629629631,0.24404814814814813,0.0064516129032258064,0.777549075662283,0.4194407456724367
ZNF281,8.388685185185185,0.11968285714285715,0.0064516129032258064,,0.4194407456724367
ATP6AP1,12.108631481481481,0.011040909090909086,0.0064516129032258064,,0.4181091877496671
ZMYM4,10.994440740740743,0.028263829787234043,0.0064516129032258064,,0.41766533510874393
FGA,0.5254333333333333,0.6053611111111111,0.0064516129032258064,-0.09001365985823599,0.4176653351087438
PTPRS,11.629066666666667,0.016041999999999997,0.0064516129032258064,,0.41722148246782065
FGB,0.3226018518518518,0.6454592592592592,0.0064516129032258064,0.07450761152145105,0.41722148246782065
DIP2B,10.107633333333334,0.049025999999999986,0.0064516129032258064,,0.415889924545051
PIAS2,8.586987037037035,0.10845192307692304,0.0064516129032258064,,0.415889924545051
CACNA2D1,3.7002129629629623,0.03130851063829787,0.015053763440860216,,0.414780292942743
TTC17,10.241957407407405,0.009499999999999998,0.008602150537634409,,0.4145583666222814
ITGAL,7.869262962962965,0.025979999999999986,0.012903225806451613,,0.41367066134043495
CLIP1,9.899555555555557,0.05567037037037038,0.0064516129032258064,0.46221578464244895,0.41367066134043495
PDE3A,7.459212962962961,0.15419166666666667,0.0064516129032258064,,0.41322680869951167
GGT5,7.616544444444444,0.14358039215686272,0.0064516129032258064,,0.4127829560585885
MAN2B1,11.423290740740738,0.019007692307692312,0.0064516129032258064,,0.4127829560585885
CA9,7.303768518518519,0.1672393939393939,0.0064516129032258064,,0.4127829560585885
KRT78,1.9695351851851857,0.34844871794871796,0.0064516129032258064,,0.41233910341766533
TJP1,11.133501851851852,0.02275740740740741,0.0064516129032258064,0.7190013340956736,0.41233910341766533
TLN2,9.216266666666668,0.01787962962962964,0.010752688172043012,0.387535734705546,0.41233910341766533
DOPEY2,9.067498148148147,0.035078,0.008602150537634409,,0.41189525077674205
RSBN1L,8.953833333333332,0.08786538461538464,0.0064516129032258064,,0.41189525077674205
DDR1,13.20189629629629,0.000829629629629629,0.0064516129032258064,0.5656946826758147,0.41189525077674205
PLEKHA7,9.295733333333335,0.07335757575757573,0.0064516129032258064,,0.41056369285397243
VPS13A,8.262657407407406,0.048404651162790704,0.008602150537634409,,0.41056369285397243
LAIR1,8.787448148148147,0.09237916666666668,0.0064516129032258064,,0.41056369285397243
ATR,9.083603703703703,0.0821813953488372,0.0064516129032258064,,0.41056369285397243
MDC1,10.261787037037035,0.042168518518518515,0.0064516129032258064,0.4163522012578616,0.41056369285397243
EGFR,8.806112962962962,0.014349999999999995,0.012903225806451613,,0.40967598757212603
SIN3B,10.84509074074074,0.027997826086956522,0.0064516129032258064,,0.4092321349312028
TUSC3,9.977107407407404,0.050979166666666666,0.0064516129032258064,,0.4092321349312028
GTF3C3,10.00391111111111,0.013788888888888885,0.008602150537634409,0.1907793173458236,0.4092321349312028
ANKRD44,5.5310388888888875,0.2234,0.0064516129032258064,,0.40878828229027964
PKN1,12.125700000000004,0.007884090909090908,0.0064516129032258064,,0.40834442964935636
AMPD2,10.277042592592593,0.006101851851851848,0.008602150537634409,0.5192681532304173,0.40834442964935636
PICALM,11.506133333333336,0.015464814814814822,0.0064516129032258064,0.6345340194396797,0.40834442964935636
CASP1,7.827327777777777,0.12577592592592593,0.0064516129032258064,0.7834953306651419,0.4079005770084332
FAM129A,8.75128518518519,0.09095925925925924,0.0064516129032258064,0.6686106346483703,0.40745672436751
CHD7,10.30060925925926,0.005351515151515143,0.008602150537634409,,0.40745672436750996
DOCK8,8.45039074074074,0.0446,0.008602150537634409,,0.4074567243675099
FYB,8.163375925925926,0.11565833333333335,0.0064516129032258064,,0.40701287172658673
NCOR2,12.838688888888887,0.0007605263157894717,0.0064516129032258064,,0.4061251664447403
KIAA0020,9.185259259259261,0.0764425925925926,0.0064516129032258064,0.356965885267772,0.40523746116289394
LRPPRC,11.877657407407405,0.009690740740740743,0.0064516129032258064,0.5733671311720037,0.40523746116289383
TRPS1,9.943716666666667,0.014968750000000018,0.008602150537634409,,0.40434975588104743
MTRR,9.436446296296298,0.02717407407407409,0.008602150537634409,,0.4039059032401242
ARID1A,12.01420185185185,0.008038888888888885,0.0064516129032258064,0.30947207928340004,0.4039059032401242
VPS13C,9.495059259259257,0.00868703703703704,0.010752688172043012,0.4308829976577802,0.40301819795827787
PTER,8.278135185185183,0.10640925925925925,0.0064516129032258064,0.5964932342290832,0.4025743453173546
NUP155,9.281787037037038,0.029533333333333325,0.008602150537634409,0.3452324230172077,0.4021304926764314
VARS,11.068274074074074,0.021507407407407402,0.0064516129032258064,0.7262435677530017,0.40168664003550825
STT3B,10.554409259259263,0.03291666666666667,0.0064516129032258064,0.5156187464009901,0.4003550821127385
UACA,10.238890740740738,0.038590740740740724,0.0064516129032258064,0.34873260910996756,0.3985796715490457
SEC23A,9.976920370370367,0.011514814814814813,0.008602150537634409,0.7589479702687248,0.3968042609853528
DLG1,10.423966666666669,0.03355555555555556,0.0064516129032258064,0.6221078711644749,0.39591655570350637
CDAN1,8.580051851851854,0.0893264705882353,0.0064516129032258064,,0.39502885042166
JMJD1C,9.792418518518518,0.014966666666666665,0.008602150537634409,,0.3923657345761207
TM9SF4,11.806333333333336,0.006170370370370369,0.0064516129032258064,0.3280731846769582,0.3919218819351975
STK38,10.248709259259261,0.03567872340425532,0.0064516129032258064,,0.38970261873058143
IQGAP3,9.331657407407407,0.0635470588235294,0.0064516129032258064,,0.38970261873058143
STAG2,11.127257407407411,0.015324074074074077,0.0064516129032258064,0.1554030874785592,0.38925876608965826
BIN1,9.694540740740742,0.015690740740740734,0.008602150537634409,0.6434534019439679,0.38837106080781175
TAOK1,7.43513888888889,0.11275750000000002,0.0064516129032258064,,0.38792720816688864
GFM1,10.10802037037037,0.03873888888888889,0.0064516129032258064,0.7177053554412044,0.3879272081668885
EDC4,10.136187037037041,0.0378962962962963,0.0064516129032258064,0.23556766857086708,0.38748335552596536
MOV10,10.861422222222222,0.02094259259259259,0.0064516129032258064,0.5267872458979584,0.38615179760319573
C5,5.647977777777778,0.13997592592592586,0.0064516129032258064,0.07383266628549646,0.38615179760319573
DOCK4,8.213185185185184,0.02517499999999999,0.010752688172043012,,0.3852640923213493
PHKA1,8.084912962962964,0.025904545454545458,0.010752688172043012,,0.38482023968042606
NEXN,6.8195592592592575,0.12072352941176472,0.0064516129032258064,,0.38437638703950283
KRT10,9.191683333333332,0.06526382978723407,0.0064516129032258064,,0.38437638703950283
WDR75,9.996007407407406,0.04128823529411766,0.0064516129032258064,,0.3834886817576564
TOM1,9.291398148148149,0.062261111111111114,0.0064516129032258064,0.678063655422146,0.3830448291167332
NRCAM,9.265774074074073,0.06342857142857145,0.0064516129032258064,,0.38260097647581004
MAP3K2,8.700929629629629,0.07902068965517242,0.0064516129032258064,,0.3817132711939636
OSBPL11,9.026907407407405,0.028242857142857153,0.008602150537634409,,0.3817132711939636
SLFN5,9.240344444444442,0.06350185185185185,0.0064516129032258064,0.6638078902229845,0.3812694185530403
SMG6,9.749448148148149,0.012397297297297294,0.008602150537634409,,0.38082556591211714
PPFIA1,10.47703148148148,0.028564814814814817,0.0064516129032258064,0.2891175910043834,0.38038171327119397
SMOC2,8.896020370370373,0.07121999999999999,0.0064516129032258064,,0.3799378606302708
PZP,0.8131999999999999,0.14527407407407408,0.0064516129032258064,0.27720873855784256,0.3799378606302707
RRP12,9.611281481481482,0.015029629629629636,0.008602150537634409,0.5018963579405513,0.3799378606302707
SCRN1,11.201474074074069,0.011409259259259261,0.0064516129032258064,0.6960548885077186,0.3799378606302707
BAZ1B,11.089429629629628,0.013709259259259256,0.0064516129032258064,0.6378883171336001,0.37905015534842434
HERC5,8.559983333333335,0.08148108108108108,0.0064516129032258064,,0.37860630270750106
PDCD11,10.341581481481478,0.03139259259259259,0.0064516129032258064,0.28187535734705543,0.3781624500665779
ITSN2,9.414916666666668,0.05633414634146342,0.0064516129032258064,,0.3781624500665779
UTP20,8.96561851851852,0.011883673469387753,0.010752688172043012,,0.37727474478473144
NEDD4,6.9194925925925945,0.11035333333333333,0.0064516129032258064,,0.376387039502885
RTN1,6.92292037037037,0.1094909090909091,0.0064516129032258064,,0.376387039502885
CD97,10.131025925925927,0.03505925925925927,0.0064516129032258064,0.5740041928721172,0.376387039502885
DOCK5,7.789351851851856,0.02529736842105262,0.010752688172043012,,0.376387039502885
F2,0.6086407407407409,0.1409,0.0064516129032258064,0.15430439170518293,0.3759431868619617
CPN2,0.9652277777777777,0.13811111111111107,0.0064516129032258064,-0.17762699770069962,0.37549933422103854
SERPINE2,9.207542592592592,0.06181363636363637,0.0064516129032258064,,0.3746116289391922
HK3,5.784811111111109,0.04777307692307691,0.008602150537634409,,0.3710608078118064
NISCH,11.116077777777775,0.010693023255813958,0.0064516129032258064,,0.3706169551708832
TUBA4A,9.886662962962964,0.04037222222222221,0.0064516129032258064,0.4972365161044406,0.37017310252996005
RBM28,8.733003703703703,0.07100925925925926,0.0064516129032258064,0.3402706308366686,0.36884154460719043
KIF13A,9.44907962962963,0.051465517241379294,0.0064516129032258064,,0.36884154460719043
ARFGEF1,10.58926111111111,0.021940740740740736,0.0064516129032258064,0.5972555746140651,0.367953839325344
DAXX,10.39992407407407,0.027198076923076922,0.0064516129032258064,,0.3661784287616511
UBR2,9.240970370370368,0.05664489795918368,0.0064516129032258064,,0.36529072347980474
MARS,11.034464814814815,0.010799999999999992,0.0064516129032258064,0.29682288594843725,0.36307146027518866
SMARCA2,10.212474074074077,0.03074150943396227,0.0064516129032258064,,0.3626276076342654
PTPRK,9.994172222222222,0.034467441860465096,0.0064516129032258064,,0.3626276076342654
STX16,10.586666666666666,0.020748979591836747,0.0064516129032258064,,0.3621837549933422
TOR1AIP1,10.570177777777777,0.021251851851851855,0.0064516129032258064,0.5035639412997902,0.3604083444296493
GC,0.19976296296296298,0.11704074074074072,0.0064516129032258064,0.06859422937108325,0.3604083444296493
DAP3,10.89721111111111,0.012412962962962966,0.0064516129032258064,0.18094149037545262,0.3604083444296493
FMR1,10.732255555555557,0.01569074074074074,0.0064516129032258064,0.7563560129597864,0.35996449178872614
EP400,10.73827962962963,0.0156425,0.0064516129032258064,,0.35996449178872614
AZGP1,5.103666666666669,0.10381851851851852,0.0064516129032258064,0.16402378592666006,0.35774522858411006
DOCK6,9.26681111111111,0.015783870967741934,0.008602150537634409,,0.35774522858411006
ENPP1,7.274651851851854,0.08892156862745099,0.0064516129032258064,,0.3568575233022636
GOLGA1,8.785983333333334,0.06413846153846155,0.0064516129032258064,,0.3568575233022636
ITGA6,10.485700000000005,0.021553703703703707,0.0064516129032258064,0.7943967981703829,0.35641367066134044
GABPA,9.36982222222222,0.04919019607843138,0.0064516129032258064,,0.35641367066134044
HIP1,10.624033333333333,0.017662962962962957,0.0064516129032258064,0.5300933866971601,0.355525965379494
ZNFX1,11.284298148148151,0.0014622641509434032,0.0064516129032258064,,0.3550821127385707
INPP5D,8.656387037037037,0.027442553191489357,0.008602150537634409,,0.35463826009764754
TUBGCP4,8.28096851851852,0.072684,0.0064516129032258064,,0.35463826009764754
EXOC2,9.098364814814815,0.05571666666666667,0.0064516129032258064,0.24856108252334666,0.35419440745672437
TP53BP1,9.993374074074072,0.03292407407407408,0.0064516129032258064,0.688444605511073,0.3533067021748779
CDC27,9.872890740740742,0.03546976744186047,0.0064516129032258064,,0.3533067021748779
ZNF574,10.158257407407408,0.02898636363636364,0.0064516129032258064,,0.35286284953395475
NASP,10.8575,0.01037222222222222,0.0064516129032258064,0.7139698875547931,0.3506435863293387
GAPVD1,9.651012962962962,0.0044115384615384615,0.008602150537634409,,0.349312028406569
CRTAC1,8.72342777777778,0.024476744186046506,0.008602150537634409,,0.349312028406569
MMRN1,4.587487037037037,0.04207826086956521,0.008602150537634409,,0.34842432312472255
KIAA0196,10.763225925925926,0.01155185185185185,0.0064516129032258064,0.2539736992567181,0.34753661784287615
FILIP1L,9.062855555555553,0.01625526315789473,0.008602150537634409,,0.34576120727918325
EFR3A,11.034948148148148,0.004220370370370368,0.0064516129032258064,0.5069182389937107,0.3444296493564136
RASSF2,8.539098148148147,0.02581212121212121,0.008602150537634409,,0.3444296493564136
ZNF292,9.296483333333331,0.04684814814814814,0.0064516129032258064,,0.34398579671549046
ZBTB20,6.182385185185184,0.03779666666666666,0.008602150537634409,,0.34398579671549046
USP15,9.346838888888888,0.04503703703703703,0.0064516129032258064,0.6170764246235944,0.3435419440745673
PIK3R4,9.599448148148145,0.0037333333333333355,0.008602150537634409,0.41132075471698104,0.3435419440745672
TAF6L,8.7507,0.058105769230769225,0.0064516129032258064,,0.3395472703062583
GSS,10.12305740740741,0.025870370370370384,0.0064516129032258064,0.40804269106155894,0.3395472703062583
HERC2,10.099285185185181,0.02636170212765957,0.0064516129032258064,,0.33910341766533514
DIS3L,9.411227777777775,0.006799999999999996,0.008602150537634409,,0.3377718597425654
CENPE,7.28296851851852,0.03303928571428571,0.008602150537634409,,0.3377718597425654
MFN2,11.018770370370369,0.0027425925925925877,0.0064516129032258064,0.493805984372022,0.33732800710164224
TRIP11,8.983162962962963,0.05108333333333333,0.0064516129032258064,0.44120449780827137,0.33510874389702616
LEPRE1,9.924124074074074,0.029868518518518523,0.0064516129032258064,0.6194133680059207,0.33510874389702616
MASTL,8.738583333333334,0.01981666666666666,0.008602150537634409,,0.33466489125610294
KRT4,5.540464814814816,0.03611212121212121,0.008602150537634409,,0.33466489125610294
ALG1,9.114174074074072,0.04644629629629631,0.0064516129032258064,0.5553268534400608,0.32978251220594756
GMPS,10.682775925925926,0.00828518518518519,0.0064516129032258064,0.7544501619973317,0.3288948069241012
RANBP6,8.516327777777777,0.05892352941176469,0.0064516129032258064,,0.3288948069241011
MYO5A,8.794459259259261,0.05174166666666666,0.0064516129032258064,,0.3288948069241011
TBC1D4,8.41037037037037,0.021653703703703696,0.008602150537634409,0.5172098341909662,0.32845095428317794
AGAP1,9.494564814814815,0.03615172413793104,0.0064516129032258064,,0.32845095428317794
ATG3,10.055533333333333,0.024062962962962967,0.0064516129032258064,0.40675446461484194,0.3280071016422548
FAM20B,10.609825925925927,0.009428571428571434,0.0064516129032258064,,0.32756324900133155
TM9SF1,10.95130185185185,0.000518750000000003,0.0064516129032258064,,0.3257878384376387
EHD3,8.871137037037037,0.049294444444444446,0.0064516129032258064,0.49022298456260716,0.3257878384376387
UGGT2,7.956444444444442,0.0637925925925926,0.0064516129032258064,,0.32490013315579225
TXNRD2,8.724575925925924,0.051812962962962957,0.0064516129032258064,0.5753764055650847,0.3240124278739458
PTPRM,9.175266666666666,0.04247586206896552,0.0064516129032258064,,0.322237017310253
RARS2,9.390472222222222,0.036622222222222216,0.0064516129032258064,0.24909472079283396,0.3217931646693297
UPF3B,8.398118518518519,0.05713513513513514,0.0064516129032258064,,0.32134931202840655
RHOT1,9.14430925925926,0.043103846153846145,0.0064516129032258064,,0.3209054593874834
COL7A1,7.200222222222224,0.002244117647058831,0.012903225806451613,,0.3204616067465601
PFAS,9.227944444444447,0.039772222222222216,0.0064516129032258064,0.6558795502191729,0.3191300488237905
GALNT1,10.489511111111112,0.009868518518518528,0.0064516129032258064,0.6912521440823327,0.3191300488237905
RALGAPA2,8.834894444444442,0.04785121951219512,0.0064516129032258064,,0.31868619618286725
UIMC1,8.283640740740744,0.020150000000000008,0.008602150537634409,,0.31824234354194403
PLAA,9.525344444444444,0.03302592592592592,0.0064516129032258064,0.8237469029921859,0.31824234354194403
PTPN12,10.681666666666665,0.004353703703703705,0.0064516129032258064,0.55578425767105,0.31779849090102086
ANKZF1,9.733253703703703,0.027888461538461543,0.0064516129032258064,,0.3142476697736351
POP1,7.311909259259256,0.06432954545454544,0.0064516129032258064,,0.3115845539280958
ARHGEF7,9.84776111111111,0.023592592592592592,0.0064516129032258064,0.5593672574804649,0.3071460275188637
DIAPH2,7.958550000000001,0.0015148148148148128,0.010752688172043012,0.5498380026681914,0.3071460275188637
MON2,9.396868518518518,0.03302037037037036,0.0064516129032258064,0.3886485353962073,0.3067021748779405
EPB41,9.980275925925927,0.020025925925925923,0.0064516129032258064,0.10508862206975413,0.3067021748779405
CROCC,8.848374074074071,0.04425208333333333,0.0064516129032258064,,0.3062583222370173
LRRC1,8.69192037037037,0.04691851851851852,0.0064516129032258064,0.35010482180293495,0.30537061695517087
WDR37,8.853968518518517,0.04244814814814815,0.0064516129032258064,0.3958452449018486,0.3031513537505548
OTUD4,10.182909259259258,0.013561764705882362,0.0064516129032258064,,0.3031513537505548
ACAD10,9.249344444444446,0.034024074074074075,0.0064516129032258064,0.42328949876119676,0.30270750110963157
ATP1A2,3.86602962962963,0.06763333333333334,0.0064516129032258064,,0.29871282734132265
SYNM,6.886925925925926,0.0611516129032258,0.0064516129032258064,,0.2964935641367066
RECK,7.205609259259261,0.05881600000000001,0.0064516129032258064,,0.29383044829116733
HABP2,2.0049185185185183,0.06557708333333336,0.0064516129032258064,,0.29116733244562804
CSPG4,8.363466666666667,0.04456818181818181,0.0064516129032258064,,0.2853972481136262
VAV1,7.630653703703705,0.050409259259259265,0.0064516129032258064,0.5563178959405375,0.28495339547270304
LARP7,9.52686296296296,0.023740740740740732,0.0064516129032258064,0.221345530779493,0.28495339547270304
ITPR1,7.660440740740739,0.014557142857142862,0.008602150537634409,,0.2845095428317798
MTHFD1L,9.290657407407407,0.028496296296296294,0.0064516129032258064,0.6028968934629311,0.2822902796271638
GNL1,10.391353703703704,0.0008018518518518591,0.0064516129032258064,0.7096380721333063,0.28140257434531735
AP1M1,10.212287037037035,0.004457407407407403,0.0064516129032258064,0.2327806365542214,0.27873945849977805
ARHGEF10,8.667031481481482,0.0029076923076923103,0.008602150537634409,,0.27785175321793165
GOLGA5,10.196700000000002,0.0035203703703703703,0.0064516129032258064,0.5353535353535352,0.2734132268086995
RASAL1,8.56304074074074,0.002568000000000007,0.008602150537634409,,0.27252552152685305
ALG2,9.786374074074072,0.013523529411764705,0.0064516129032258064,,0.26897470039946736
MYO1B,9.308288888888889,0.02349074074074073,0.0064516129032258064,0.763826948732609,0.26764314247669774
CROT,7.7299,0.04435151515151515,0.0064516129032258064,,0.26719928983577446
TTC13,8.439522222222221,0.03650666666666666,0.0064516129032258064,,0.26719928983577446
CHEK2,8.298477777777775,0.03719782608695652,0.0064516129032258064,,0.2632046160674656
RALGAPA1,8.117720370370371,0.03815135135135135,0.0064516129032258064,,0.2605415002219263
DMXL1,8.91041111111111,0.027369565217391298,0.0064516129032258064,,0.25343985796715485
NKTR,9.776585185185185,0.008767741935483872,0.0064516129032258064,,0.2529960053262317
IFIH1,9.575351851851856,0.012580000000000001,0.0064516129032258064,,0.25166444740346205
STAT5B,9.687059259259255,0.010276923076923076,0.0064516129032258064,,0.2507767421216156
LIG3,9.145066666666668,0.021655555555555563,0.0064516129032258064,0.5595959595959595,0.24855747891699953
GCC1,8.97833518518518,0.02412173913043478,0.0064516129032258064,,0.24589436307146026
PAN2,9.696238888888892,0.00702916666666667,0.0064516129032258064,,0.24234354194407454
POTEF,4.290566666666667,0.04440555555555556,0.0064516129032258064,0.0369360956060146,0.237017310252996
CCDC104,9.66648888888889,0.005732352941176479,0.0064516129032258064,,0.23701731025299597
ETFDH,7.739125925925928,0.033444444444444436,0.0064516129032258064,0.6179149990470745,0.23479804704837992
RFTN1,9.123724074074074,0.01760192307692308,0.0064516129032258064,,0.23302263648468707
EEA1,9.009548148148147,0.019059259259259265,0.0064516129032258064,0.6833238040785209,0.23169107856191742
PLCB2,7.907177777777777,0.030477551020408146,0.0064516129032258064,,0.2250332889480692
EPHX2,8.230596296296296,0.02774200000000001,0.0064516129032258064,,0.22370173102529958
SWAP70,9.513646296296294,0.004198148148148145,0.0064516129032258064,0.7645130550790927,0.2214824678206835
DCLK2,7.569820370370369,0.03092608695652172,0.0064516129032258064,,0.218375499334221
LCLAT1,9.509844444444445,0.0029018518518518534,0.0064516129032258064,0.6862206975414521,0.21704394141145136
AASS,6.851111111111111,0.033253846153846175,0.0064516129032258064,,0.21571238348868174
PRKD1,7.259420370370368,0.032444117647058825,0.0064516129032258064,,0.21482467820683532
LY75,9.173124074074078,0.008592452830188686,0.0064516129032258064,,0.20639147802929425
EXOC1,9.47595,0.0005129629629629594,0.0064516129032258064,0.3079473985134363,0.20550377274744783
DHX29,8.987764814814817,0.008905555555555559,0.0064516129032258064,0.7998094149037545,0.19795827785175318
FGD4,8.763731481481484,0.011146666666666673,0.0064516129032258064,,0.19263204616067464
HLCS,9.265979629629632,0.000615384615384616,0.0064516129032258064,,0.1908566355969818
TRIM21,8.945842592592596,0.00614150943396227,0.0064516129032258064,,0.18686196182867287
PRKG1,3.767042592592592,0.027336111111111117,0.0064516129032258064,,0.17754105636928538
CPZ,8.865388888888887,0.003882857142857142,0.0064516129032258064,,0.17620949844651573
SAMSN1,7.0330592592592565,0.018615999999999997,0.0064516129032258064,,0.16600088770528182
FASTKD1,8.629288888888889,0.004757142857142851,0.0064516129032258064,,0.1646693297825122
DDI2,6.98928888888889,0.01265925925925926,0.0064516129032258064,0.4574423480083857,0.14735907678650687
ITGA2,7.299294444444444,0.00721521739130434,0.0064516129032258064,,0.13359964491788723
SPEF2,7.597407407407407,0.0014559999999999996,0.0064516129032258064,,0.1251664447403462
CLTCL1,5.687629629629629,0.006345714285714287,0.0064516129032258064,,0.11717709720372835
